-- phpMyAdmin SQL Dump
-- version 4.6.6deb5
-- https://www.phpmyadmin.net/
--
-- Servidor: localhost:3306
-- Tiempo de generación: 03-05-2019 a las 05:22:39
-- Versión del servidor: 5.7.26-0ubuntu0.18.10.1
-- Versión de PHP: 7.2.17-0ubuntu0.18.10.1

SET SQL_MODE = "NO_AUTO_VALUE_ON_ZERO";
SET time_zone = "+00:00";


/*!40101 SET @OLD_CHARACTER_SET_CLIENT=@@CHARACTER_SET_CLIENT */;
/*!40101 SET @OLD_CHARACTER_SET_RESULTS=@@CHARACTER_SET_RESULTS */;
/*!40101 SET @OLD_COLLATION_CONNECTION=@@COLLATION_CONNECTION */;
/*!40101 SET NAMES utf8mb4 */;

--
-- Base de datos: `masy-hr`
--

-- --------------------------------------------------------

--
-- Estructura de tabla para la tabla `acl`
--

CREATE TABLE `acl` (
  `ai` int(10) UNSIGNED NOT NULL,
  `action_id` int(10) UNSIGNED NOT NULL,
  `user_id` int(10) UNSIGNED DEFAULT NULL
) ENGINE=InnoDB DEFAULT CHARSET=utf8;

-- --------------------------------------------------------

--
-- Estructura de tabla para la tabla `acl_actions`
--

CREATE TABLE `acl_actions` (
  `action_id` int(10) UNSIGNED NOT NULL,
  `action_code` varchar(100) NOT NULL COMMENT 'no periods allowed!',
  `action_desc` varchar(100) NOT NULL COMMENT 'human readable description',
  `category_id` int(10) UNSIGNED NOT NULL
) ENGINE=InnoDB DEFAULT CHARSET=utf8;

-- --------------------------------------------------------

--
-- Estructura de tabla para la tabla `acl_categories`
--

CREATE TABLE `acl_categories` (
  `category_id` int(10) UNSIGNED NOT NULL,
  `category_code` varchar(100) NOT NULL COMMENT 'no periods allowed!',
  `category_desc` varchar(100) NOT NULL COMMENT 'human readable description'
) ENGINE=InnoDB DEFAULT CHARSET=utf8;

-- --------------------------------------------------------

--
-- Estructura de tabla para la tabla `auth_sessions`
--

CREATE TABLE `auth_sessions` (
  `id` varchar(128) NOT NULL,
  `user_id` int(10) UNSIGNED NOT NULL,
  `login_time` datetime DEFAULT NULL,
  `modified_at` timestamp NOT NULL DEFAULT CURRENT_TIMESTAMP ON UPDATE CURRENT_TIMESTAMP,
  `ip_address` varchar(45) NOT NULL,
  `user_agent` varchar(60) DEFAULT NULL
) ENGINE=MyISAM DEFAULT CHARSET=utf8;

--
-- Volcado de datos para la tabla `auth_sessions`
--

INSERT INTO `auth_sessions` (`id`, `user_id`, `login_time`, `modified_at`, `ip_address`, `user_agent`) VALUES
('2sgcc2as2t3fhq3123v79ak1trt22i3b', 1637400287, '2019-05-03 01:57:07', '2019-05-03 10:22:00', '10.35.172.245', 'Chrome 73.0.3683.103 on Windows 10'),
('d6odu7ihtfes3qjapbenmh3giavmumg5', 1637400287, '2019-05-03 01:04:55', '2019-05-03 06:57:48', '10.35.172.245', 'Firefox 66.0 on Windows 10'),
('gplcqica1t058bt3c4s5mu0ia22r3f4u', 1637400287, '2019-05-02 21:36:32', '2019-05-03 05:11:25', '10.35.172.245', 'Firefox 66.0 on Windows 10'),
('ih6fj9mcdptdd5fmtq7rkuo3hg5u7cp4', 1637400287, '2019-05-02 22:58:12', '2019-05-03 03:58:12', '10.35.172.245', 'Chrome 73.0.3683.103 on Windows 10'),
('u1fik0pt7mjlj8886urkdpvemouiddqv', 1637400287, '2019-05-03 00:55:14', '2019-05-03 05:55:14', '10.35.172.245', 'Firefox 66.0 on Windows 10'),
('pv63vf5epoc2hn01o6slh450t9q9slea', 1637400287, '2019-05-03 04:12:52', '2019-05-03 10:15:48', '10.35.172.245', 'Firefox 66.0 on Windows 10');

-- --------------------------------------------------------

--
-- Estructura de tabla para la tabla `ci_sessions`
--

CREATE TABLE `ci_sessions` (
  `id` varchar(128) NOT NULL,
  `ip_address` varchar(45) NOT NULL,
  `timestamp` int(10) UNSIGNED NOT NULL DEFAULT '0',
  `data` blob NOT NULL
) ENGINE=MyISAM DEFAULT CHARSET=utf8;

--
-- Volcado de datos para la tabla `ci_sessions`
--

INSERT INTO `ci_sessions` (`id`, `ip_address`, `timestamp`, `data`) VALUES
('33eprjfo7855pi1fc4gp79rifjiu2vab', '10.35.172.245', 1556754921, 0x5f5f63695f6c6173745f726567656e65726174657c693a313535363735343932313b),
('4ch4ujtknik2g439a9a40mdpakeuse9s', '10.35.172.245', 1556754921, 0x5f5f63695f6c6173745f726567656e65726174657c693a313535363735343932313b617574685f6964656e746966696572737c733a38333a22613a323a7b733a373a22757365725f6964223b733a31303a2231363337343030323837223b733a31303a226c6f67696e5f74696d65223b733a31393a22323031392d30352d30312031383a35353a3231223b7d223b),
('cfcb8fmgctbojrhnoqeiat2e451926iu', '10.35.172.245', 1556754940, 0x5f5f63695f6c6173745f726567656e65726174657c693a313535363735343932313b617574685f6964656e746966696572737c733a38333a22613a323a7b733a373a22757365725f6964223b733a31303a2231363337343030323837223b733a31303a226c6f67696e5f74696d65223b733a31393a22323031392d30352d30312031383a35353a3231223b7d223b),
('dhm291fi297k4mdpumc3pqio2t5j3cou', '10.35.172.245', 1556762919, 0x5f5f63695f6c6173745f726567656e65726174657c693a313535363736323931393b617574685f6964656e746966696572737c733a38333a22613a323a7b733a373a22757365725f6964223b733a31303a2231363337343030323837223b733a31303a226c6f67696e5f74696d65223b733a31393a22323031392d30352d30312032313a30383a3339223b7d223b),
('gufm0hdkmmtn807umir048psm236lgql', '10.35.172.245', 1556763228, 0x5f5f63695f6c6173745f726567656e65726174657c693a313535363736333232383b617574685f6964656e746966696572737c733a38333a22613a323a7b733a373a22757365725f6964223b733a31303a2231363337343030323837223b733a31303a226c6f67696e5f74696d65223b733a31393a22323031392d30352d30312032313a30383a3339223b7d223b),
('2fg2s72ads44c3a3t19chcip5fip3aso', '10.35.172.245', 1556764843, 0x5f5f63695f6c6173745f726567656e65726174657c693a313535363736343834333b617574685f6964656e746966696572737c733a38333a22613a323a7b733a373a22757365725f6964223b733a31303a2231363337343030323837223b733a31303a226c6f67696e5f74696d65223b733a31393a22323031392d30352d30312032313a30383a3339223b7d223b),
('5spd1npc94l35rfmen6dl82pjqq6d105', '10.35.172.245', 1556764847, 0x5f5f63695f6c6173745f726567656e65726174657c693a313535363736343834373b617574685f6964656e746966696572737c733a38333a22613a323a7b733a373a22757365725f6964223b733a31303a2231363337343030323837223b733a31303a226c6f67696e5f74696d65223b733a31393a22323031392d30352d30312032313a34303a3437223b7d223b),
('76573j72qmk5nt2ha5jjv4m1m84dnujf', '10.35.172.245', 1556766431, 0x5f5f63695f6c6173745f726567656e65726174657c693a313535363736363433313b),
('fgr40btg9jdkvpm678ngrkfi8rtukbda', '10.35.172.245', 1556765096, 0x5f5f63695f6c6173745f726567656e65726174657c693a313535363736353039363b617574685f6964656e746966696572737c733a38333a22613a323a7b733a373a22757365725f6964223b733a31303a2231363337343030323837223b733a31303a226c6f67696e5f74696d65223b733a31393a22323031392d30352d30312032313a34343a3536223b7d223b),
('bahtl26gg9loumtlfrtomk4ekh5lb7se', '10.35.172.245', 1556764943, 0x5f5f63695f6c6173745f726567656e65726174657c693a313535363736343934333b),
('725t4v8tmjer5em914av36koamlhp3te', '10.35.172.245', 1556764943, 0x5f5f63695f6c6173745f726567656e65726174657c693a313535363736343934333b),
('7ftukclgh1ai1pdaae8flt9cpdgmcenr', '10.35.172.245', 1556765548, 0x5f5f63695f6c6173745f726567656e65726174657c693a313535363736353534383b617574685f6964656e746966696572737c733a38333a22613a323a7b733a373a22757365725f6964223b733a31303a2231363337343030323837223b733a31303a226c6f67696e5f74696d65223b733a31393a22323031392d30352d30312032313a34343a3536223b7d223b),
('obs6miar93bakmbl60gb8ae02e4h8kip', '10.35.172.245', 1556765976, 0x5f5f63695f6c6173745f726567656e65726174657c693a313535363736353937363b617574685f6964656e746966696572737c733a38333a22613a323a7b733a373a22757365725f6964223b733a31303a2231363337343030323837223b733a31303a226c6f67696e5f74696d65223b733a31393a22323031392d30352d30312032313a34343a3536223b7d223b),
('49i0d6v22iien0g1q0961oma57elgldf', '10.35.172.245', 1556766496, 0x5f5f63695f6c6173745f726567656e65726174657c693a313535363736363439363b617574685f6964656e746966696572737c733a38333a22613a323a7b733a373a22757365725f6964223b733a31303a2231363337343030323837223b733a31303a226c6f67696e5f74696d65223b733a31393a22323031392d30352d30312032313a34343a3536223b7d223b),
('rg4hm7ikdhiga44mcnfbrnukdu3ipn67', '10.35.172.245', 1556766435, 0x5f5f63695f6c6173745f726567656e65726174657c693a313535363736363433353b617574685f6964656e746966696572737c733a38333a22613a323a7b733a373a22757365725f6964223b733a31303a2231363337343030323837223b733a31303a226c6f67696e5f74696d65223b733a31393a22323031392d30352d30312032323a30373a3135223b7d223b),
('45ifehftqt3tp4sllqp0ljun3gddrtt7', '10.35.172.245', 1556766514, 0x5f5f63695f6c6173745f726567656e65726174657c693a313535363736363531343b617574685f6964656e746966696572737c733a38333a22613a323a7b733a373a22757365725f6964223b733a31303a2231363337343030323837223b733a31303a226c6f67696e5f74696d65223b733a31393a22323031392d30352d30312032323a30383a3334223b7d223b),
('8s0b3p2rc502lmgup43kt7809v10pb48', '10.35.172.245', 1556769291, 0x5f5f63695f6c6173745f726567656e65726174657c693a313535363736393239313b617574685f6964656e746966696572737c733a38333a22613a323a7b733a373a22757365725f6964223b733a31303a2231363337343030323837223b733a31303a226c6f67696e5f74696d65223b733a31393a22323031392d30352d30312032313a34343a3536223b7d223b),
('tusobqvnhbmekqj8r3u2asb4ta7a1dei', '10.35.172.245', 1556769475, 0x5f5f63695f6c6173745f726567656e65726174657c693a313535363736393437353b),
('k2ap2icu3eeaq7jbl14rj6r182mieh9q', '10.35.172.245', 1556768961, 0x5f5f63695f6c6173745f726567656e65726174657c693a313535363736383936303b),
('qtq6rhog7u6lt72u58k22ltj40t44lsl', '10.35.172.245', 1556769451, 0x5f5f63695f6c6173745f726567656e65726174657c693a313535363736393435313b617574685f6964656e746966696572737c733a38333a22613a323a7b733a373a22757365725f6964223b733a31303a2231363337343030323837223b733a31303a226c6f67696e5f74696d65223b733a31393a22323031392d30352d30312032323a35373a3331223b7d223b),
('095uu5evn1eelnjb48o5hdv10fnpg6l2', '10.35.172.245', 1556769802, 0x5f5f63695f6c6173745f726567656e65726174657c693a313535363736393830323b617574685f6964656e746966696572737c733a38333a22613a323a7b733a373a22757365725f6964223b733a31303a2231363337343030323837223b733a31303a226c6f67696e5f74696d65223b733a31393a22323031392d30352d30312032323a35373a3331223b7d223b),
('aaerpb0omdpvb9ebh8schgt09uiv2sla', '10.35.172.245', 1556769478, 0x5f5f63695f6c6173745f726567656e65726174657c693a313535363736393437383b617574685f6964656e746966696572737c733a38333a22613a323a7b733a373a22757365725f6964223b733a31303a2231363337343030323837223b733a31303a226c6f67696e5f74696d65223b733a31393a22323031392d30352d30312032323a35373a3538223b7d223b),
('bbe3c3heanknen5rdagmee2vu7gelgco', '10.35.172.245', 1556776558, 0x5f5f63695f6c6173745f726567656e65726174657c693a313535363737363535383b617574685f6964656e746966696572737c733a38333a22613a323a7b733a373a22757365725f6964223b733a31303a2231363337343030323837223b733a31303a226c6f67696e5f74696d65223b733a31393a22323031392d30352d30312032323a35373a3538223b7d223b),
('9m323dmp7o30e9bp9mp9h27qkhcunmmu', '10.35.172.245', 1556776279, 0x5f5f63695f6c6173745f726567656e65726174657c693a313535363737363237393b617574685f6964656e746966696572737c733a38333a22613a323a7b733a373a22757365725f6964223b733a31303a2231363337343030323837223b733a31303a226c6f67696e5f74696d65223b733a31393a22323031392d30352d30312032323a35373a3331223b7d223b),
('taribn0cgu85ac3ummjb5v2pce9rhu8d', '10.35.172.245', 1556776590, 0x5f5f63695f6c6173745f726567656e65726174657c693a313535363737363539303b617574685f6964656e746966696572737c733a38333a22613a323a7b733a373a22757365725f6964223b733a31303a2231363337343030323837223b733a31303a226c6f67696e5f74696d65223b733a31393a22323031392d30352d30312032323a35373a3331223b7d223b),
('h4rf3rk47e8upmdlrqrmmkg40iie1a8d', '10.35.172.245', 1556777358, 0x5f5f63695f6c6173745f726567656e65726174657c693a313535363737373335383b617574685f6964656e746966696572737c733a38333a22613a323a7b733a373a22757365725f6964223b733a31303a2231363337343030323837223b733a31303a226c6f67696e5f74696d65223b733a31393a22323031392d30352d30312032323a35373a3538223b7d223b),
('1tnus0fiuj4vbkm2oh9cvo42nda1oh86', '10.35.172.245', 1556776962, 0x5f5f63695f6c6173745f726567656e65726174657c693a313535363737363936323b617574685f6964656e746966696572737c733a38333a22613a323a7b733a373a22757365725f6964223b733a31303a2231363337343030323837223b733a31303a226c6f67696e5f74696d65223b733a31393a22323031392d30352d30312032323a35373a3331223b7d223b),
('98b3k4dqn5jnk79v9nklgiqla50bt0la', '10.35.172.245', 1556777860, 0x5f5f63695f6c6173745f726567656e65726174657c693a313535363737373836303b617574685f6964656e746966696572737c733a38333a22613a323a7b733a373a22757365725f6964223b733a31303a2231363337343030323837223b733a31303a226c6f67696e5f74696d65223b733a31393a22323031392d30352d30312032323a35373a3331223b7d223b),
('91v3btf62lhltf1ckg0dkr3s2738djsv', '10.35.172.245', 1556778498, 0x5f5f63695f6c6173745f726567656e65726174657c693a313535363737383439383b617574685f6964656e746966696572737c733a38333a22613a323a7b733a373a22757365725f6964223b733a31303a2231363337343030323837223b733a31303a226c6f67696e5f74696d65223b733a31393a22323031392d30352d30312032323a35373a3538223b7d223b),
('hj9dbb0gfuhcq9iselteq2onqui7l2nc', '10.35.172.245', 1556778437, 0x5f5f63695f6c6173745f726567656e65726174657c693a313535363737383433373b617574685f6964656e746966696572737c733a38333a22613a323a7b733a373a22757365725f6964223b733a31303a2231363337343030323837223b733a31303a226c6f67696e5f74696d65223b733a31393a22323031392d30352d30312032323a35373a3331223b7d223b),
('126mgdpnn1rlju5mnn8mvldj1aq5dmk6', '10.35.172.245', 1556778447, 0x5f5f63695f6c6173745f726567656e65726174657c693a313535363737383434373b617574685f6964656e746966696572737c733a38333a22613a323a7b733a373a22757365725f6964223b733a31303a2231363337343030323837223b733a31303a226c6f67696e5f74696d65223b733a31393a22323031392d30352d30322030313a32373a3237223b7d223b),
('3tt1js12okghr37blrl80k46q1felejj', '10.35.172.245', 1556779037, 0x5f5f63695f6c6173745f726567656e65726174657c693a313535363737393033373b617574685f6964656e746966696572737c733a38333a22613a323a7b733a373a22757365725f6964223b733a31303a2231363337343030323837223b733a31303a226c6f67696e5f74696d65223b733a31393a22323031392d30352d30322030313a32373a3237223b7d223b),
('o76u7ma48ilc97kluslk0ti9ipklfcor', '10.35.172.245', 1556778799, 0x5f5f63695f6c6173745f726567656e65726174657c693a313535363737383739393b617574685f6964656e746966696572737c733a38333a22613a323a7b733a373a22757365725f6964223b733a31303a2231363337343030323837223b733a31303a226c6f67696e5f74696d65223b733a31393a22323031392d30352d30312032323a35373a3538223b7d223b),
('olvqhei8d46h8tnvr0jcrud6v0cd0bn4', '10.35.172.245', 1556779136, 0x5f5f63695f6c6173745f726567656e65726174657c693a313535363737393133363b617574685f6964656e746966696572737c733a38333a22613a323a7b733a373a22757365725f6964223b733a31303a2231363337343030323837223b733a31303a226c6f67696e5f74696d65223b733a31393a22323031392d30352d30312032323a35373a3538223b7d223b),
('2lfr5ranifjttl7q8qkurlq3jdjae5ui', '10.35.172.245', 1556779099, 0x5f5f63695f6c6173745f726567656e65726174657c693a313535363737393033373b617574685f6964656e746966696572737c733a38333a22613a323a7b733a373a22757365725f6964223b733a31303a2231363337343030323837223b733a31303a226c6f67696e5f74696d65223b733a31393a22323031392d30352d30322030313a32373a3237223b7d223b),
('0g477026u687mqcvkb98t30b6ph9cb7s', '10.35.172.245', 1556779136, 0x5f5f63695f6c6173745f726567656e65726174657c693a313535363737393133363b617574685f6964656e746966696572737c733a38333a22613a323a7b733a373a22757365725f6964223b733a31303a2231363337343030323837223b733a31303a226c6f67696e5f74696d65223b733a31393a22323031392d30352d30312032323a35373a3538223b7d223b),
('vu4ognkb78icl4ucmhoi0ii3cl1ijjs2', '10.35.172.245', 1556817033, 0x5f5f63695f6c6173745f726567656e65726174657c693a313535363831373033333b),
('e2dgfubfc6ppbdak2t333tcsa4os588i', '10.35.172.245', 1556816036, 0x5f5f63695f6c6173745f726567656e65726174657c693a313535363831363033363b617574685f6964656e746966696572737c733a38333a22613a323a7b733a373a22757365725f6964223b733a31303a2231363337343030323837223b733a31303a226c6f67696e5f74696d65223b733a31393a22323031392d30352d30322031313a35333a3536223b7d223b),
('0b47n12etbjhppcv63jv27l11ja8qm4h', '10.35.172.245', 1556816048, 0x5f5f63695f6c6173745f726567656e65726174657c693a313535363831363033363b),
('sov3t285jqav46ee35a5l5kkfbcsrq2v', '10.35.172.245', 1556817146, 0x5f5f63695f6c6173745f726567656e65726174657c693a313535363831373033333b),
('ritckur77eral9qn9r17tavd2o4vi32e', '10.35.172.245', 1556848756, 0x5f5f63695f6c6173745f726567656e65726174657c693a313535363834383735363b),
('v3unuu2a2oh76hhigpqae867fa8slpg2', '192.168.0.12', 1556850158, 0x5f5f63695f6c6173745f726567656e65726174657c693a313535363835303133313b),
('1ugdi542uqf116injc1negu2gk5h4ke2', '192.168.0.12', 1556850592, 0x5f5f63695f6c6173745f726567656e65726174657c693a313535363835303539323b),
('lrrrco40e48mdj105f77haj5jb9nl5kb', '192.168.0.12', 1556850608, 0x5f5f63695f6c6173745f726567656e65726174657c693a313535363835303630383b),
('9e2vir9g1516p4mu4njchiu5f1ar7i8b', '192.168.0.12', 1556850315, 0x5f5f63695f6c6173745f726567656e65726174657c693a313535363835303331353b),
('7o5jqoeo4bq8oj454pa6honrmfa2p8um', '192.168.0.12', 1556850592, 0x5f5f63695f6c6173745f726567656e65726174657c693a313535363835303539323b),
('2bpe2ruf7tanchko8fi81ht1fr1vh951', '10.35.172.245', 1556850592, 0x5f5f63695f6c6173745f726567656e65726174657c693a313535363835303539323b),
('n978h9t4svghifalkv0r8kguodr13djj', '192.168.0.12', 1556850608, 0x5f5f63695f6c6173745f726567656e65726174657c693a313535363835303630383b),
('klj67i6p39ngct3h6kurdt1om4tnh8eg', '10.35.172.245', 1556850608, 0x5f5f63695f6c6173745f726567656e65726174657c693a313535363835303630383b),
('hvp1tbvmlcd9ku93sul1l26eqbm5rrnl', '10.35.172.245', 1556850837, 0x5f5f63695f6c6173745f726567656e65726174657c693a313535363835303833373b617574685f6964656e746966696572737c733a38333a22613a323a7b733a373a22757365725f6964223b733a31303a2231363337343030323837223b733a31303a226c6f67696e5f74696d65223b733a31393a22323031392d30352d30322032313a33333a3537223b7d223b),
('ljd4660r52utmo39ufiefo2doe5lmrmc', '10.35.172.245', 1556850992, 0x5f5f63695f6c6173745f726567656e65726174657c693a313535363835303939323b617574685f6964656e746966696572737c733a38333a22613a323a7b733a373a22757365725f6964223b733a31303a2231363337343030323837223b733a31303a226c6f67696e5f74696d65223b733a31393a22323031392d30352d30322032313a33363a3332223b7d223b),
('5uc1hucr41fno2pnkrlusv1u7hpb3vls', '10.35.172.245', 1556852428, 0x5f5f63695f6c6173745f726567656e65726174657c693a313535363835323432383b617574685f6964656e746966696572737c733a38333a22613a323a7b733a373a22757365725f6964223b733a31303a2231363337343030323837223b733a31303a226c6f67696e5f74696d65223b733a31393a22323031392d30352d30322032313a33363a3332223b7d223b),
('5e55kvatnf4v2chp2erjsp8m509km384', '10.35.172.245', 1556851001, 0x5f5f63695f6c6173745f726567656e65726174657c693a313535363835313030313b617574685f6964656e746966696572737c733a38333a22613a323a7b733a373a22757365725f6964223b733a31303a2231363337343030323837223b733a31303a226c6f67696e5f74696d65223b733a31393a22323031392d30352d30322032313a33363a3431223b7d223b),
('0kgeb1gtgfc0mta1kb8vsns3jljocbdt', '10.35.172.245', 1556852131, 0x5f5f63695f6c6173745f726567656e65726174657c693a313535363835323133313b617574685f6964656e746966696572737c733a38333a22613a323a7b733a373a22757365725f6964223b733a31303a2231363337343030323837223b733a31303a226c6f67696e5f74696d65223b733a31393a22323031392d30352d30322032313a33363a3431223b7d223b),
('abuttkpmc22um6ilah6o18i0nk141rnf', '10.35.172.245', 1556852460, 0x5f5f63695f6c6173745f726567656e65726174657c693a313535363835323436303b617574685f6964656e746966696572737c733a38333a22613a323a7b733a373a22757365725f6964223b733a31303a2231363337343030323837223b733a31303a226c6f67696e5f74696d65223b733a31393a22323031392d30352d30322032313a33363a3431223b7d223b),
('s5nsf34gdaujjuc3u2r57kp83favglk1', '10.35.172.245', 1556855166, 0x5f5f63695f6c6173745f726567656e65726174657c693a313535363835353136363b617574685f6964656e746966696572737c733a38333a22613a323a7b733a373a22757365725f6964223b733a31303a2231363337343030323837223b733a31303a226c6f67696e5f74696d65223b733a31393a22323031392d30352d30322032313a33363a3332223b7d223b),
('dt7k9j60uh88p10i5davr7v6tfa9f90i', '10.35.172.245', 1556852465, 0x5f5f63695f6c6173745f726567656e65726174657c693a313535363835323436353b617574685f6964656e746966696572737c733a38333a22613a323a7b733a373a22757365725f6964223b733a31303a2231363337343030323837223b733a31303a226c6f67696e5f74696d65223b733a31393a22323031392d30352d30322032323a30313a3035223b7d223b),
('grp8pv9lm6j2u765nu8c6andcrcm77pu', '10.35.172.245', 1556852574, 0x5f5f63695f6c6173745f726567656e65726174657c693a313535363835323537343b617574685f6964656e746966696572737c733a38333a22613a323a7b733a373a22757365725f6964223b733a31303a2231363337343030323837223b733a31303a226c6f67696e5f74696d65223b733a31393a22323031392d30352d30322032323a30323a3534223b7d223b),
('3mv4018mrf3r1bmlnl8vsp40ueog71ad', '10.35.172.245', 1556855849, 0x5f5f63695f6c6173745f726567656e65726174657c693a313535363835353834393b),
('n3pa4igs7a307vedui4i2kivea3lc5pe', '10.35.172.245', 1556855629, 0x5f5f63695f6c6173745f726567656e65726174657c693a313535363835353632393b617574685f6964656e746966696572737c733a38333a22613a323a7b733a373a22757365725f6964223b733a31303a2231363337343030323837223b733a31303a226c6f67696e5f74696d65223b733a31393a22323031392d30352d30322032313a33363a3332223b7d223b),
('nnkuqsdbebqmti8qiiscv335go66t75f', '10.35.172.245', 1556857780, 0x5f5f63695f6c6173745f726567656e65726174657c693a313535363835373738303b617574685f6964656e746966696572737c733a38333a22613a323a7b733a373a22757365725f6964223b733a31303a2231363337343030323837223b733a31303a226c6f67696e5f74696d65223b733a31393a22323031392d30352d30322032313a33363a3332223b7d223b),
('lt8vhqupq9t3lg6enpddcpqnscoq2alf', '10.35.172.245', 1556855849, 0x5f5f63695f6c6173745f726567656e65726174657c693a313535363835353834393b617574685f6964656e746966696572737c733a38333a22613a323a7b733a373a22757365725f6964223b733a31303a2231363337343030323837223b733a31303a226c6f67696e5f74696d65223b733a31393a22323031392d30352d30322032323a35373a3239223b7d223b),
('kvl645iurkqmpc4j7jh91jnh7efpuj37', '10.35.172.245', 1556855876, 0x5f5f63695f6c6173745f726567656e65726174657c693a313535363835353834393b),
('p6v22u8drec4l9ookg125fuou7sse2ll', '10.35.172.245', 1556855892, 0x5f5f63695f6c6173745f726567656e65726174657c693a313535363835353839323b617574685f6964656e746966696572737c733a38333a22613a323a7b733a373a22757365725f6964223b733a31303a2231363337343030323837223b733a31303a226c6f67696e5f74696d65223b733a31393a22323031392d30352d30322032323a35383a3132223b7d223b),
('ih6fj9mcdptdd5fmtq7rkuo3hg5u7cp4', '10.35.172.245', 1556855893, 0x5f5f63695f6c6173745f726567656e65726174657c693a313535363835353839323b617574685f6964656e746966696572737c733a38333a22613a323a7b733a373a22757365725f6964223b733a31303a2231363337343030323837223b733a31303a226c6f67696e5f74696d65223b733a31393a22323031392d30352d30322032323a35383a3132223b7d223b),
('5nhtlshpq63bkmevf0ue07sm9j39oj2t', '10.35.172.245', 1556858480, 0x5f5f63695f6c6173745f726567656e65726174657c693a313535363835383438303b617574685f6964656e746966696572737c733a38333a22613a323a7b733a373a22757365725f6964223b733a31303a2231363337343030323837223b733a31303a226c6f67696e5f74696d65223b733a31393a22323031392d30352d30322032313a33363a3332223b7d223b),
('9tur9ue3o4kb73ufpelq6gjutla7rj8o', '10.35.172.245', 1556858899, 0x5f5f63695f6c6173745f726567656e65726174657c693a313535363835383839393b617574685f6964656e746966696572737c733a38333a22613a323a7b733a373a22757365725f6964223b733a31303a2231363337343030323837223b733a31303a226c6f67696e5f74696d65223b733a31393a22323031392d30352d30322032313a33363a3332223b7d223b),
('d91hlf08r877u1lruml3pqqt5hd3p8a5', '10.35.172.245', 1556859481, 0x5f5f63695f6c6173745f726567656e65726174657c693a313535363835393438313b617574685f6964656e746966696572737c733a38333a22613a323a7b733a373a22757365725f6964223b733a31303a2231363337343030323837223b733a31303a226c6f67696e5f74696d65223b733a31393a22323031392d30352d30322032313a33363a3332223b7d223b),
('dq1nuqnselhq6elvbm2to5ghc648a5sf', '10.35.172.245', 1556860285, 0x5f5f63695f6c6173745f726567656e65726174657c693a313535363836303238353b617574685f6964656e746966696572737c733a38333a22613a323a7b733a373a22757365725f6964223b733a31303a2231363337343030323837223b733a31303a226c6f67696e5f74696d65223b733a31393a22323031392d30352d30322032313a33363a3332223b7d223b),
('gplcqica1t058bt3c4s5mu0ia22r3f4u', '10.35.172.245', 1556861192, 0x5f5f63695f6c6173745f726567656e65726174657c693a313535363836313139323b617574685f6964656e746966696572737c733a38333a22613a323a7b733a373a22757365725f6964223b733a31303a2231363337343030323837223b733a31303a226c6f67696e5f74696d65223b733a31393a22323031392d30352d30322032313a33363a3332223b7d223b),
('udglk3ue07mb3j8es37gri29mjemrfv2', '10.35.172.245', 1556860417, 0x5f5f63695f6c6173745f726567656e65726174657c693a313535363836303431373b),
('ikqcidt0s2u9oj54oe1hhmplh1trsalb', '10.35.172.245', 1556860417, 0x5f5f63695f6c6173745f726567656e65726174657c693a313535363836303431373b),
('qq80l3q2iaj5rhte5aibru5lv6g825gj', '10.35.172.245', 1556862866, 0x5f5f63695f6c6173745f726567656e65726174657c693a313535363836323836363b617574685f6964656e746966696572737c733a38333a22613a323a7b733a373a22757365725f6964223b733a31303a2231363337343030323837223b733a31303a226c6f67696e5f74696d65223b733a31393a22323031392d30352d30322032313a33363a3332223b7d223b),
('ddvpki6rt9cou6k2k4ksshcr4i63av44', '10.35.172.245', 1556862914, 0x5f5f63695f6c6173745f726567656e65726174657c693a313535363836323931343b617574685f6964656e746966696572737c733a38333a22613a323a7b733a373a22757365725f6964223b733a31303a2231363337343030323837223b733a31303a226c6f67696e5f74696d65223b733a31393a22323031392d30352d30332030303a35353a3134223b7d223b),
('u1fik0pt7mjlj8886urkdpvemouiddqv', '10.35.172.245', 1556863234, 0x5f5f63695f6c6173745f726567656e65726174657c693a313535363836333233343b617574685f6964656e746966696572737c733a38333a22613a323a7b733a373a22757365725f6964223b733a31303a2231363337343030323837223b733a31303a226c6f67696e5f74696d65223b733a31393a22323031392d30352d30332030303a35353a3134223b7d223b),
('14tq2sag1d786pnh8utrs688slok40s9', '10.35.172.245', 1556863319, 0x5f5f63695f6c6173745f726567656e65726174657c693a313535363836333331393b617574685f6964656e746966696572737c733a38333a22613a323a7b733a373a22757365725f6964223b733a31303a2231363337343030323837223b733a31303a226c6f67696e5f74696d65223b733a31393a22323031392d30352d30332030313a30313a3539223b7d223b),
('j6fv282lra2b5ojbnpqd0s309iav1oj6', '10.35.172.245', 1556863448, 0x5f5f63695f6c6173745f726567656e65726174657c693a313535363836333434383b617574685f6964656e746966696572737c733a38333a22613a323a7b733a373a22757365725f6964223b733a31303a2231363337343030323837223b733a31303a226c6f67696e5f74696d65223b733a31393a22323031392d30352d30332030313a30343a3038223b7d223b),
('8v5sa5gujj1jdo5s02af04qd0dp10cid', '10.35.172.245', 1556863475, 0x5f5f63695f6c6173745f726567656e65726174657c693a313535363836333434383b),
('o242o7gj4fnjskstjv2h41mahvn2oubr', '10.35.172.245', 1556863495, 0x5f5f63695f6c6173745f726567656e65726174657c693a313535363836333439353b617574685f6964656e746966696572737c733a38333a22613a323a7b733a373a22757365725f6964223b733a31303a2231363337343030323837223b733a31303a226c6f67696e5f74696d65223b733a31393a22323031392d30352d30332030313a30343a3535223b7d223b),
('2a1hiu9bibevg4fk6a8s0loo4bae5n1q', '10.35.172.245', 1556863801, 0x5f5f63695f6c6173745f726567656e65726174657c693a313535363836333830313b617574685f6964656e746966696572737c733a38333a22613a323a7b733a373a22757365725f6964223b733a31303a2231363337343030323837223b733a31303a226c6f67696e5f74696d65223b733a31393a22323031392d30352d30332030313a30343a3535223b7d223b),
('gfv5qd3o2rv7rpk6a9r0h88hh0kahabp', '10.35.172.245', 1556864885, 0x5f5f63695f6c6173745f726567656e65726174657c693a313535363836343838353b617574685f6964656e746966696572737c733a38333a22613a323a7b733a373a22757365725f6964223b733a31303a2231363337343030323837223b733a31303a226c6f67696e5f74696d65223b733a31393a22323031392d30352d30332030313a30343a3535223b7d223b),
('o2526bdndr0dg5n783jcd4ikdt046u0v', '10.35.172.245', 1556865652, 0x5f5f63695f6c6173745f726567656e65726174657c693a313535363836353635323b617574685f6964656e746966696572737c733a38333a22613a323a7b733a373a22757365725f6964223b733a31303a2231363337343030323837223b733a31303a226c6f67696e5f74696d65223b733a31393a22323031392d30352d30332030313a30343a3535223b7d223b),
('dakg0lnc70m9kvl1foetc6kfpns4nvfj', '10.35.172.245', 1556866021, 0x5f5f63695f6c6173745f726567656e65726174657c693a313535363836363032313b617574685f6964656e746966696572737c733a38333a22613a323a7b733a373a22757365725f6964223b733a31303a2231363337343030323837223b733a31303a226c6f67696e5f74696d65223b733a31393a22323031392d30352d30332030313a30343a3535223b7d223b),
('j0a411b5cfis9u2pedjqlkjgtlmidr59', '10.35.172.245', 1556865818, 0x5f5f63695f6c6173745f726567656e65726174657c693a313535363836353831383b),
('rko0pqr3dfbechkt29a10gt5oteiosd1', '10.35.172.245', 1556865818, 0x5f5f63695f6c6173745f726567656e65726174657c693a313535363836353831383b),
('bfvcmcj435eb2ad823funqkohf8h5njj', '10.35.172.245', 1556866326, 0x5f5f63695f6c6173745f726567656e65726174657c693a313535363836363332363b617574685f6964656e746966696572737c733a38333a22613a323a7b733a373a22757365725f6964223b733a31303a2231363337343030323837223b733a31303a226c6f67696e5f74696d65223b733a31393a22323031392d30352d30332030313a30343a3535223b7d223b),
('aom3l4jnefvt7vhirv117spcng5oht23', '10.35.172.245', 1556866668, 0x5f5f63695f6c6173745f726567656e65726174657c693a313535363836363636383b617574685f6964656e746966696572737c733a38333a22613a323a7b733a373a22757365725f6964223b733a31303a2231363337343030323837223b733a31303a226c6f67696e5f74696d65223b733a31393a22323031392d30352d30332030313a30343a3535223b7d223b),
('uf92fjn9u3fp4nub2vek49ckn6n0o6ji', '10.35.172.245', 1556866627, 0x5f5f63695f6c6173745f726567656e65726174657c693a313535363836363632373b617574685f6964656e746966696572737c733a38333a22613a323a7b733a373a22757365725f6964223b733a31303a2231363337343030323837223b733a31303a226c6f67696e5f74696d65223b733a31393a22323031392d30352d30332030313a35373a3037223b7d223b),
('uusq0oiqc4keoqcj90arlogp30lgka3u', '10.35.172.245', 1556867405, 0x5f5f63695f6c6173745f726567656e65726174657c693a313535363836373430353b617574685f6964656e746966696572737c733a38333a22613a323a7b733a373a22757365725f6964223b733a31303a2231363337343030323837223b733a31303a226c6f67696e5f74696d65223b733a31393a22323031392d30352d30332030313a35373a3037223b7d223b),
('d6odu7ihtfes3qjapbenmh3giavmumg5', '10.35.172.245', 1556866669, 0x5f5f63695f6c6173745f726567656e65726174657c693a313535363836363636383b617574685f6964656e746966696572737c733a38333a22613a323a7b733a373a22757365725f6964223b733a31303a2231363337343030323837223b733a31303a226c6f67696e5f74696d65223b733a31393a22323031392d30352d30332030313a30343a3535223b7d223b),
('glm7af5hb0a4qtn86vo35j5gq76ilse5', '10.35.172.245', 1556867886, 0x5f5f63695f6c6173745f726567656e65726174657c693a313535363836373838363b617574685f6964656e746966696572737c733a38333a22613a323a7b733a373a22757365725f6964223b733a31303a2231363337343030323837223b733a31303a226c6f67696e5f74696d65223b733a31393a22323031392d30352d30332030313a35373a3037223b7d223b),
('nloh8e5ig9auoifnjc1kh7r8lf177e2c', '10.35.172.245', 1556868312, 0x5f5f63695f6c6173745f726567656e65726174657c693a313535363836383331323b617574685f6964656e746966696572737c733a38333a22613a323a7b733a373a22757365725f6964223b733a31303a2231363337343030323837223b733a31303a226c6f67696e5f74696d65223b733a31393a22323031392d30352d30332030313a35373a3037223b7d223b),
('nv1hc2d381vbaak5qp6cn4m1sa49nu7e', '10.35.172.245', 1556868790, 0x5f5f63695f6c6173745f726567656e65726174657c693a313535363836383739303b617574685f6964656e746966696572737c733a38333a22613a323a7b733a373a22757365725f6964223b733a31303a2231363337343030323837223b733a31303a226c6f67696e5f74696d65223b733a31393a22323031392d30352d30332030313a35373a3037223b7d223b),
('bh2l59uot1fhfqs90h1u74rmpq892mqr', '10.35.172.245', 1556869153, 0x5f5f63695f6c6173745f726567656e65726174657c693a313535363836393135333b617574685f6964656e746966696572737c733a38333a22613a323a7b733a373a22757365725f6964223b733a31303a2231363337343030323837223b733a31303a226c6f67696e5f74696d65223b733a31393a22323031392d30352d30332030313a35373a3037223b7d223b),
('75k6np4caq74jfg67bomr37ere6ka183', '10.35.172.245', 1556870141, 0x5f5f63695f6c6173745f726567656e65726174657c693a313535363837303134313b617574685f6964656e746966696572737c733a38333a22613a323a7b733a373a22757365725f6964223b733a31303a2231363337343030323837223b733a31303a226c6f67696e5f74696d65223b733a31393a22323031392d30352d30332030313a35373a3037223b7d223b),
('4hro1truu6ls02fe6bl9p0slr95ki0g9', '10.35.172.245', 1556870487, 0x5f5f63695f6c6173745f726567656e65726174657c693a313535363837303438373b617574685f6964656e746966696572737c733a38333a22613a323a7b733a373a22757365725f6964223b733a31303a2231363337343030323837223b733a31303a226c6f67696e5f74696d65223b733a31393a22323031392d30352d30332030313a35373a3037223b7d223b),
('71efmikps3vk07t3g6r5bnslcah0tha5', '10.35.172.245', 1556871133, 0x5f5f63695f6c6173745f726567656e65726174657c693a313535363837313133333b617574685f6964656e746966696572737c733a38333a22613a323a7b733a373a22757365725f6964223b733a31303a2231363337343030323837223b733a31303a226c6f67696e5f74696d65223b733a31393a22323031392d30352d30332030313a35373a3037223b7d223b),
('fsbnbrjofcocgudq5b0o77gf2o64f0k5', '10.35.172.245', 1556872571, 0x5f5f63695f6c6173745f726567656e65726174657c693a313535363837323537313b617574685f6964656e746966696572737c733a38333a22613a323a7b733a373a22757365725f6964223b733a31303a2231363337343030323837223b733a31303a226c6f67696e5f74696d65223b733a31393a22323031392d30352d30332030313a35373a3037223b7d223b),
('vd1c62jk903r28abq2uqmf667qc0u5g6', '10.35.172.245', 1556872930, 0x5f5f63695f6c6173745f726567656e65726174657c693a313535363837323933303b617574685f6964656e746966696572737c733a38333a22613a323a7b733a373a22757365725f6964223b733a31303a2231363337343030323837223b733a31303a226c6f67696e5f74696d65223b733a31393a22323031392d30352d30332030313a35373a3037223b7d223b),
('vmvs3vt7bjp15ha27an4qb4mi90tdni1', '10.35.172.245', 1556873287, 0x5f5f63695f6c6173745f726567656e65726174657c693a313535363837333238373b617574685f6964656e746966696572737c733a38333a22613a323a7b733a373a22757365725f6964223b733a31303a2231363337343030323837223b733a31303a226c6f67696e5f74696d65223b733a31393a22323031392d30352d30332030313a35373a3037223b7d223b),
('5b54rn4gbejkue2mm060msrco3tjillj', '10.35.172.245', 1556873720, 0x5f5f63695f6c6173745f726567656e65726174657c693a313535363837333732303b617574685f6964656e746966696572737c733a38333a22613a323a7b733a373a22757365725f6964223b733a31303a2231363337343030323837223b733a31303a226c6f67696e5f74696d65223b733a31393a22323031392d30352d30332030313a35373a3037223b7d223b),
('6ic0704om1gc976kaubmlhu4s2o8drah', '10.35.172.245', 1556874080, 0x5f5f63695f6c6173745f726567656e65726174657c693a313535363837343038303b617574685f6964656e746966696572737c733a38333a22613a323a7b733a373a22757365725f6964223b733a31303a2231363337343030323837223b733a31303a226c6f67696e5f74696d65223b733a31393a22323031392d30352d30332030313a35373a3037223b7d223b),
('cejmbrb6f712ab4cohh3qgqtkejl23ni', '10.35.172.245', 1556874501, 0x5f5f63695f6c6173745f726567656e65726174657c693a313535363837343530313b617574685f6964656e746966696572737c733a38333a22613a323a7b733a373a22757365725f6964223b733a31303a2231363337343030323837223b733a31303a226c6f67696e5f74696d65223b733a31393a22323031392d30352d30332030313a35373a3037223b7d223b),
('t2cq351pauq98i952jiqjjnkavbqdbsj', '10.35.172.245', 1556875399, 0x5f5f63695f6c6173745f726567656e65726174657c693a313535363837353339393b617574685f6964656e746966696572737c733a38333a22613a323a7b733a373a22757365725f6964223b733a31303a2231363337343030323837223b733a31303a226c6f67696e5f74696d65223b733a31393a22323031392d30352d30332030313a35373a3037223b7d223b),
('ru37586ik6h1cgaq910onpd5blpkthd9', '10.35.172.245', 1556874772, 0x5f5f63695f6c6173745f726567656e65726174657c693a313535363837343737323b617574685f6964656e746966696572737c733a38333a22613a323a7b733a373a22757365725f6964223b733a31303a2231363337343030323837223b733a31303a226c6f67696e5f74696d65223b733a31393a22323031392d30352d30332030343a31323a3532223b7d223b),
('res5a2j23ah43di5bad6nfs22530sv74', '10.35.172.245', 1556875139, 0x5f5f63695f6c6173745f726567656e65726174657c693a313535363837353133393b617574685f6964656e746966696572737c733a38333a22613a323a7b733a373a22757365725f6964223b733a31303a2231363337343030323837223b733a31303a226c6f67696e5f74696d65223b733a31393a22323031392d30352d30332030343a31323a3532223b7d223b),
('g0haveta4phnmnt66nb9s07org1cmqd5', '10.35.172.245', 1556878548, 0x5f5f63695f6c6173745f726567656e65726174657c693a313535363837383534383b617574685f6964656e746966696572737c733a38333a22613a323a7b733a373a22757365725f6964223b733a31303a2231363337343030323837223b733a31303a226c6f67696e5f74696d65223b733a31393a22323031392d30352d30332030343a31323a3532223b7d223b),
('ao0vpfbssn6c97qvrck7t45tb8u9dabp', '10.35.172.245', 1556875753, 0x5f5f63695f6c6173745f726567656e65726174657c693a313535363837353735333b617574685f6964656e746966696572737c733a38333a22613a323a7b733a373a22757365725f6964223b733a31303a2231363337343030323837223b733a31303a226c6f67696e5f74696d65223b733a31393a22323031392d30352d30332030313a35373a3037223b7d223b),
('r91f6144fkfv7p677cl0dr092fngja9u', '10.35.172.245', 1556876063, 0x5f5f63695f6c6173745f726567656e65726174657c693a313535363837363036333b617574685f6964656e746966696572737c733a38333a22613a323a7b733a373a22757365725f6964223b733a31303a2231363337343030323837223b733a31303a226c6f67696e5f74696d65223b733a31393a22323031392d30352d30332030313a35373a3037223b7d223b),
('asfn2fhh3f4kq430ht9i8ll98l8a1bq1', '10.35.172.245', 1556876535, 0x5f5f63695f6c6173745f726567656e65726174657c693a313535363837363533353b617574685f6964656e746966696572737c733a38333a22613a323a7b733a373a22757365725f6964223b733a31303a2231363337343030323837223b733a31303a226c6f67696e5f74696d65223b733a31393a22323031392d30352d30332030313a35373a3037223b7d223b),
('p5pbgsto3n0hv19ng1vv1q4604lbcp7j', '10.35.172.245', 1556876970, 0x5f5f63695f6c6173745f726567656e65726174657c693a313535363837363937303b617574685f6964656e746966696572737c733a38333a22613a323a7b733a373a22757365725f6964223b733a31303a2231363337343030323837223b733a31303a226c6f67696e5f74696d65223b733a31393a22323031392d30352d30332030313a35373a3037223b7d223b),
('keqdu1akioqgsc00hle4rtvcbgdaeqhf', '10.35.172.245', 1556877285, 0x5f5f63695f6c6173745f726567656e65726174657c693a313535363837373238353b617574685f6964656e746966696572737c733a38333a22613a323a7b733a373a22757365725f6964223b733a31303a2231363337343030323837223b733a31303a226c6f67696e5f74696d65223b733a31393a22323031392d30352d30332030313a35373a3037223b7d223b),
('3bmpduhplk5nk6spqlah9ghn1ce6ddo5', '10.35.172.245', 1556878246, 0x5f5f63695f6c6173745f726567656e65726174657c693a313535363837383234363b617574685f6964656e746966696572737c733a38333a22613a323a7b733a373a22757365725f6964223b733a31303a2231363337343030323837223b733a31303a226c6f67696e5f74696d65223b733a31393a22323031392d30352d30332030313a35373a3037223b7d223b),
('cjl3i8r6unsuicp2nmd0vb30do3tqjob', '10.35.172.245', 1556878616, 0x5f5f63695f6c6173745f726567656e65726174657c693a313535363837383631363b617574685f6964656e746966696572737c733a38333a22613a323a7b733a373a22757365725f6964223b733a31303a2231363337343030323837223b733a31303a226c6f67696e5f74696d65223b733a31393a22323031392d30352d30332030313a35373a3037223b7d223b),
('pv63vf5epoc2hn01o6slh450t9q9slea', '10.35.172.245', 1556878549, 0x5f5f63695f6c6173745f726567656e65726174657c693a313535363837383534383b617574685f6964656e746966696572737c733a38333a22613a323a7b733a373a22757365725f6964223b733a31303a2231363337343030323837223b733a31303a226c6f67696e5f74696d65223b733a31393a22323031392d30352d30332030343a31323a3532223b7d223b),
('29lb48qsavt58panmge4mujou69sh5tl', '10.35.172.245', 1556878920, 0x5f5f63695f6c6173745f726567656e65726174657c693a313535363837383932303b617574685f6964656e746966696572737c733a38333a22613a323a7b733a373a22757365725f6964223b733a31303a2231363337343030323837223b733a31303a226c6f67696e5f74696d65223b733a31393a22323031392d30352d30332030313a35373a3037223b7d223b),
('2sgcc2as2t3fhq3123v79ak1trt22i3b', '10.35.172.245', 1556878930, 0x5f5f63695f6c6173745f726567656e65726174657c693a313535363837383932303b617574685f6964656e746966696572737c733a38333a22613a323a7b733a373a22757365725f6964223b733a31303a2231363337343030323837223b733a31303a226c6f67696e5f74696d65223b733a31393a22323031392d30352d30332030313a35373a3037223b7d223b);

-- --------------------------------------------------------

--
-- Estructura de tabla para la tabla `denied_access`
--

CREATE TABLE `denied_access` (
  `ai` int(10) UNSIGNED NOT NULL,
  `ip_address` varchar(45) NOT NULL,
  `time` datetime NOT NULL,
  `reason_code` tinyint(1) UNSIGNED DEFAULT '0'
) ENGINE=MyISAM DEFAULT CHARSET=utf8;

-- --------------------------------------------------------

--
-- Estructura de tabla para la tabla `gsareasdireccion`
--

CREATE TABLE `gsareasdireccion` (
  `idgsareasdireccion` int(11) NOT NULL,
  `anombrearea` varchar(100) NOT NULL,
  `idgsdireccion` int(11) NOT NULL,
  `user_id` int(10) UNSIGNED NOT NULL,
  `aufecha` datetime DEFAULT NULL,
  `autipomovimiento` varchar(16) DEFAULT NULL,
  `auidusuario` int(11) DEFAULT NULL
) ENGINE=InnoDB DEFAULT CHARSET=latin1;

-- --------------------------------------------------------

--
-- Estructura de tabla para la tabla `gsdirdireccionesgen`
--

CREATE TABLE `gsdirdireccionesgen` (
  `idgsdirdireccion` int(11) NOT NULL,
  `aclavedireccion` varchar(10) NOT NULL,
  `anombredireccion` varchar(50) NOT NULL,
  `aufecha` datetime DEFAULT NULL,
  `autipomovimiento` varchar(16) DEFAULT NULL,
  `auidusuario` int(11) DEFAULT NULL
) ENGINE=InnoDB DEFAULT CHARSET=latin1;

--
-- Volcado de datos para la tabla `gsdirdireccionesgen`
--

INSERT INTO `gsdirdireccionesgen` (`idgsdirdireccion`, `aclavedireccion`, `anombredireccion`, `aufecha`, `autipomovimiento`, `auidusuario`) VALUES
(1, 'DGEG', 'Director General de Grupo', '2019-05-01 00:00:00', '1', 1637400287),
(2, 'DGOAD', 'Director Global de Administración', '2019-05-01 00:00:00', '1', 1637400287),
(3, 'DGOPA', 'Director Global de Personal y Asuntos Corporativos', '2019-05-01 00:00:00', '1', 1637400287),
(4, 'DGOTA', 'Director Global de Transformación', '2019-05-01 00:00:00', '1', 1637400287),
(5, 'DGOCO', 'Director Global de Contabilidad', '2019-05-01 00:00:00', '1', 1637400287),
(6, 'DGOMK', 'Director Global de Marketing', '2019-05-01 00:00:00', '1', 1637400287),
(7, 'DGOPR', 'Director Global de Producción', '2019-05-01 00:00:00', '1', 1637400287),
(8, 'DGOVT', 'Director Global de Ventas', '2019-05-01 00:00:00', '1', 1637400287),
(9, 'DGOAU', 'Director Global de Auditoría', '2019-05-01 00:00:00', '1', 1637400287),
(10, 'DGOSI', 'Director Global de Sistemas', '2019-05-01 00:00:00', '1', 1637400287);

-- --------------------------------------------------------

--
-- Estructura de tabla para la tabla `gsdireccionessub`
--

CREATE TABLE `gsdireccionessub` (
  `idgsdireccion` int(11) NOT NULL,
  `anombredireccion` varchar(50) NOT NULL,
  `idgsdirdireccion` int(11) NOT NULL,
  `aufecha` datetime DEFAULT NULL,
  `autipomovimiento` varchar(16) DEFAULT NULL,
  `auidusuario` int(11) DEFAULT NULL
) ENGINE=InnoDB DEFAULT CHARSET=latin1;

--
-- Volcado de datos para la tabla `gsdireccionessub`
--

INSERT INTO `gsdireccionessub` (`idgsdireccion`, `anombredireccion`, `idgsdirdireccion`, `aufecha`, `autipomovimiento`, `auidusuario`) VALUES
(1, 'Director General de Grupo', 1, '2019-05-01 00:00:00', '1', 1637400287),
(2, 'Director Global de Administración', 2, '2019-05-01 00:00:00', '1', 1637400287),
(3, 'Director Global de Personal y Asuntos Corporativos', 3, '2019-05-01 00:00:00', '1', 1637400287),
(4, 'Director Global de Transformación', 4, '2019-05-01 00:00:00', '1', 1637400287),
(5, 'Director Global de Contabilidad', 5, '2019-05-01 00:00:00', '1', 1637400287),
(6, 'Director Global de Marketing', 6, '2019-05-01 00:00:00', '1', 1637400287),
(7, 'Director Global de Producción', 7, '2019-05-01 00:00:00', '1', 1637400287),
(8, 'Director Global de Ventas', 8, '2019-05-01 00:00:00', '1', 1637400287),
(9, 'Director Global de Auditoría', 9, '2019-05-01 00:00:00', '1', 1637400287),
(10, 'Director Global de Sistemas', 10, '2019-05-01 00:00:00', '1', 1637400287),
(11, 'Director Cuentas por Cobrar', 2, '2019-05-01 00:00:00', '1', 1637400287),
(12, 'Director Cuentas por Pagar', 2, '2019-05-01 00:00:00', '1', 1637400287),
(13, 'Director de Mejora Continua', 2, '2019-05-01 00:00:00', '1', 1637400287),
(14, 'Director de Reclutamiento y Selección', 3, '2019-05-01 00:00:00', '1', 1637400287),
(15, 'Director de Capacitación', 3, '2019-05-01 00:00:00', '1', 1637400287),
(16, 'Director de Seguridad e Higiene', 3, '2019-05-01 00:00:00', '1', 1637400287),
(17, 'Director de Nominas', 3, '2019-05-01 00:00:00', '1', 1637400287),
(18, 'Director de Mejora Continua', 3, '2019-05-01 00:00:00', '1', 1637400287),
(19, 'Director de Seguridad Cibernetica', 10, '2019-05-01 00:00:00', '1', 1637400287),
(20, 'Director de Infraestructura', 10, '2019-05-01 00:00:00', '1', 1637400287);

-- --------------------------------------------------------

--
-- Estructura de tabla para la tabla `gsgerencias`
--

CREATE TABLE `gsgerencias` (
  `idgsgerencias` int(11) NOT NULL,
  `adescripciongere` varchar(50) NOT NULL,
  `user_id` int(10) UNSIGNED NOT NULL,
  `aufecha` datetime DEFAULT NULL,
  `autipomovimiento` varchar(16) DEFAULT NULL,
  `auidusuario` int(11) DEFAULT NULL
) ENGINE=InnoDB DEFAULT CHARSET=latin1;

-- --------------------------------------------------------

--
-- Estructura de tabla para la tabla `gsperfilespuestos`
--

CREATE TABLE `gsperfilespuestos` (
  `idperfildepuesto` int(11) NOT NULL,
  `idgspuestos` int(11) NOT NULL,
  `agerenciapert` varchar(50) DEFAULT NULL,
  `apuestoreporta` varchar(20) DEFAULT NULL,
  `anivelimpacto` varchar(10) NOT NULL,
  `anivelevaluacion` varchar(10) NOT NULL,
  `arangosueldo` varchar(50) NOT NULL,
  `nsueldo` decimal(10,2) NOT NULL,
  `amision` varchar(500) NOT NULL,
  `nrangoedad` varchar(50) NOT NULL,
  `agenero` varchar(50) NOT NULL,
  `aestadocivil` varchar(20) DEFAULT NULL,
  `aescolaridad` varchar(200) DEFAULT NULL,
  `aestatusescolaridad` varchar(20) DEFAULT NULL,
  `naexperiencia` varchar(10) NOT NULL,
  `apuestosocupados` varchar(150) NOT NULL,
  `aconocimientostec` varchar(150) NOT NULL,
  `aidiomas` varchar(10) NOT NULL,
  `aprogramasinfo` varchar(100) NOT NULL,
  `amanejovalores` varchar(50) NOT NULL,
  `ahabilidadesprf` varchar(150) NOT NULL,
  `afunespecificas` varchar(500) DEFAULT NULL,
  `aufecha` datetime NOT NULL,
  `autipomovimiento` varchar(10) DEFAULT NULL,
  `auidusuario` int(11) DEFAULT NULL
) ENGINE=InnoDB DEFAULT CHARSET=latin1;

--
-- Volcado de datos para la tabla `gsperfilespuestos`
--

INSERT INTO `gsperfilespuestos` (`idperfildepuesto`, `idgspuestos`, `agerenciapert`, `apuestoreporta`, `anivelimpacto`, `anivelevaluacion`, `arangosueldo`, `nsueldo`, `amision`, `nrangoedad`, `agenero`, `aestadocivil`, `aescolaridad`, `aestatusescolaridad`, `naexperiencia`, `apuestosocupados`, `aconocimientostec`, `aidiomas`, `aprogramasinfo`, `amanejovalores`, `ahabilidadesprf`, `afunespecificas`, `aufecha`, `autipomovimiento`, `auidusuario`) VALUES
(1, 1, '1', '1', 'Alto', 'Alto', '$100000 - $200000', '150000.00', 'Gerente', '25-50', 'Hombre', NULL, 'Maestria', 'Concluida', '', '', 'Gerente', 'Ingles', 'Excel', '', 'Gerente', 'Gerente', '2019-05-03 02:40:00', '2', 1637400287);

-- --------------------------------------------------------

--
-- Estructura de tabla para la tabla `gsperfilessistema`
--

CREATE TABLE `gsperfilessistema` (
  `idgesperfiles` int(11) NOT NULL,
  `adescripcion` varchar(50) NOT NULL,
  `aclaveperfil` varchar(10) NOT NULL,
  `aufecha` datetime DEFAULT NULL,
  `autipomovimiento` varchar(16) DEFAULT NULL,
  `auidusuario` int(11) DEFAULT NULL
) ENGINE=InnoDB DEFAULT CHARSET=latin1;

-- --------------------------------------------------------

--
-- Estructura de tabla para la tabla `gspuestos`
--

CREATE TABLE `gspuestos` (
  `idgspuestos` int(11) NOT NULL,
  `anombrepuesto` varchar(50) NOT NULL,
  `adescripcionpuesto` varchar(100) DEFAULT NULL,
  `idgsdireccion` int(11) DEFAULT NULL,
  `aufecha` datetime DEFAULT NULL,
  `autipomovimiento` varchar(16) DEFAULT NULL,
  `auidusuario` int(11) DEFAULT NULL
) ENGINE=InnoDB DEFAULT CHARSET=latin1;

--
-- Volcado de datos para la tabla `gspuestos`
--

INSERT INTO `gspuestos` (`idgspuestos`, `anombrepuesto`, `adescripcionpuesto`, `idgsdireccion`, `aufecha`, `autipomovimiento`, `auidusuario`) VALUES
(1, 'Director General de Grupo', 'Director General de Grupo', 1, '2019-05-01 00:00:00', '1', 1637400287),
(2, 'Director de Seguridad Cibernetica', 'Director de Seguridad Cibernetica', 19, '2019-05-01 00:00:00', '1', 1637400287),
(3, 'Director de Redes y Comunicaciones', 'Director de Redes y Comunicaciones', 19, '2019-05-01 00:00:00', '1', 1637400287),
(4, 'Sub-Director de Redes Comunicaciones', 'Sub-Director de Redes Comunicaciones', 19, '2019-05-01 00:00:00', '1', 1637400287),
(5, 'Gerente de Redes Comunicaciones', 'Gerente de Redes Comunicaciones', 19, '2019-05-01 00:00:00', '1', 1637400287),
(6, 'Técnico de Redes Comunicaciones', 'Técnico de Redes Comunicaciones', 19, '2019-05-01 00:00:00', '1', 1637400287),
(7, 'Director de Seguridad y Perfilado', 'Director de Seguridad y Perfilado', 19, '2019-05-01 00:00:00', '1', 1637400287),
(8, 'Sub-Director de Seguridad y Perfilado', 'Sub-Director de Seguridad y Perfilado', 19, '2019-05-01 00:00:00', '1', 1637400287),
(9, 'Gerente de Seguridad y Perfilado', 'Gerente de Seguridad y Perfilado', 19, '2019-05-01 00:00:00', '1', 1637400287),
(10, 'Técnico de Seguridad y Perfilado', 'Técnico de Seguridad y Perfilado', 19, '2019-05-01 00:00:00', '1', 1637400287);

-- --------------------------------------------------------

--
-- Estructura de tabla para la tabla `incursosxempl`
--

CREATE TABLE `incursosxempl` (
  `idmicursosxempl` int(11) NOT NULL,
  `user_id` int(10) UNSIGNED NOT NULL,
  `idmicalendariocursos` int(11) NOT NULL,
  `aufecha` datetime DEFAULT NULL,
  `autipomovimiento` varchar(16) DEFAULT NULL,
  `auidusuario` int(11) DEFAULT NULL
) ENGINE=InnoDB DEFAULT CHARSET=latin1;

--
-- Volcado de datos para la tabla `incursosxempl`
--

INSERT INTO `incursosxempl` (`idmicursosxempl`, `user_id`, `idmicalendariocursos`, `aufecha`, `autipomovimiento`, `auidusuario`) VALUES
(1, 3424354762, 1, '2019-05-03 05:22:00', '1', 1637400287);

-- --------------------------------------------------------

--
-- Estructura de tabla para la tabla `ips_on_hold`
--

CREATE TABLE `ips_on_hold` (
  `ai` int(10) UNSIGNED NOT NULL,
  `ip_address` varchar(45) NOT NULL,
  `time` datetime NOT NULL
) ENGINE=MyISAM DEFAULT CHARSET=utf8;

-- --------------------------------------------------------

--
-- Estructura de tabla para la tabla `login_errors`
--

CREATE TABLE `login_errors` (
  `ai` int(10) UNSIGNED NOT NULL,
  `username_or_email` varchar(255) NOT NULL,
  `ip_address` varchar(45) NOT NULL,
  `time` datetime NOT NULL
) ENGINE=MyISAM DEFAULT CHARSET=utf8;

--
-- Volcado de datos para la tabla `login_errors`
--

INSERT INTO `login_errors` (`ai`, `username_or_email`, `ip_address`, `time`) VALUES
(1, 'Admin', '10.35.172.245', '2019-05-02 21:36:33');

-- --------------------------------------------------------

--
-- Estructura de tabla para la tabla `micalendariocursos`
--

CREATE TABLE `micalendariocursos` (
  `idmicalendarcurso` int(11) NOT NULL,
  `idcursoind` int(11) NOT NULL,
  `afechainicio` datetime DEFAULT NULL,
  `afechafin` datetime NOT NULL,
  `acomentarios` varchar(250) DEFAULT NULL,
  `aclavecurso` varchar(20) NOT NULL,
  `idcapacitadores` int(11) DEFAULT NULL,
  `aufecha` datetime DEFAULT NULL,
  `autipomovimiento` varchar(16) DEFAULT NULL,
  `auidusuario` int(11) DEFAULT NULL
) ENGINE=InnoDB DEFAULT CHARSET=latin1;

--
-- Volcado de datos para la tabla `micalendariocursos`
--

INSERT INTO `micalendariocursos` (`idmicalendarcurso`, `idcursoind`, `afechainicio`, `afechafin`, `acomentarios`, `aclavecurso`, `idcapacitadores`, `aufecha`, `autipomovimiento`, `auidusuario`) VALUES
(1, 1, '2019-05-01 00:00:00', '2019-05-31 00:00:00', 'Capacitacion', 'CAPSEG2019', 1, '2019-05-03 00:00:00', '1', 1637400287);

-- --------------------------------------------------------

--
-- Estructura de tabla para la tabla `micapacitadores`
--

CREATE TABLE `micapacitadores` (
  `idcapacitadores` int(11) NOT NULL,
  `user_id` int(10) UNSIGNED NOT NULL,
  `apreparacion` varchar(100) NOT NULL,
  `aufecha` datetime DEFAULT NULL,
  `autipomovimiento` varchar(16) DEFAULT NULL,
  `auidusuario` int(11) DEFAULT NULL
) ENGINE=InnoDB DEFAULT CHARSET=latin1;

--
-- Volcado de datos para la tabla `micapacitadores`
--

INSERT INTO `micapacitadores` (`idcapacitadores`, `user_id`, `apreparacion`, `aufecha`, `autipomovimiento`, `auidusuario`) VALUES
(1, 1637400287, 'Instructor', '2019-05-01 00:00:00', '1', 1637400287),
(2, 3424354762, 'Caoacitador', '2019-05-03 00:00:00', '1', 1637400287);

-- --------------------------------------------------------

--
-- Estructura de tabla para la tabla `mincursos`
--

CREATE TABLE `mincursos` (
  `idcursoind` int(11) NOT NULL,
  `anombrecurso` varchar(50) NOT NULL,
  `atipocurso` varchar(20) NOT NULL,
  `idgsdireccion` int(11) NOT NULL,
  `acontenido` varchar(2500) DEFAULT NULL,
  `aimgfolleto` longblob,
  `aufecha` datetime DEFAULT NULL,
  `autipomovimiento` varchar(16) DEFAULT NULL,
  `auidusuario` int(11) DEFAULT NULL
) ENGINE=InnoDB DEFAULT CHARSET=latin1;

--
-- Volcado de datos para la tabla `mincursos`
--

INSERT INTO `mincursos` (`idcursoind`, `anombrecurso`, `atipocurso`, `idgsdireccion`, `acontenido`, `aimgfolleto`, `aufecha`, `autipomovimiento`, `auidusuario`) VALUES
(1, 'Capacitacion', 'Obligatorio', 20, 'Capacitacion', NULL, '2019-05-03 00:00:00', '1', 1637400287),
(2, 'Induccion', 'Requerido', 19, 'Induccion', NULL, '2019-05-01 00:00:00', '1', 1637400287);

-- --------------------------------------------------------

--
-- Estructura de tabla para la tabla `shcitasmedicas`
--

CREATE TABLE `shcitasmedicas` (
  `idcitasmedicas` int(11) NOT NULL,
  `idconsultorio` int(11) NOT NULL,
  `user_id` int(10) UNSIGNED NOT NULL,
  `afechaconsulta` date NOT NULL,
  `arecetamedica` tinyint(4) DEFAULT NULL,
  `recetamedica` blob,
  `aufecha` datetime DEFAULT NULL,
  `autipomovimiento` varchar(16) DEFAULT NULL,
  `auidusuario` int(11) DEFAULT NULL
) ENGINE=InnoDB DEFAULT CHARSET=latin1;

-- --------------------------------------------------------

--
-- Estructura de tabla para la tabla `shconsultorios`
--

CREATE TABLE `shconsultorios` (
  `idshconsultorios` int(11) NOT NULL,
  `aoficinaconsultorio` varchar(50) NOT NULL,
  `idmedico` int(11) NOT NULL,
  `aufecha` datetime DEFAULT NULL,
  `autipomovimiento` varchar(16) DEFAULT NULL,
  `auidusuario` int(11) DEFAULT NULL
) ENGINE=InnoDB DEFAULT CHARSET=latin1;

-- --------------------------------------------------------

--
-- Estructura de tabla para la tabla `shentradasmed`
--

CREATE TABLE `shentradasmed` (
  `identrada` int(11) NOT NULL,
  `fechaentrada` date NOT NULL,
  `idmedicamento` int(11) NOT NULL,
  `cantidad` varchar(10) NOT NULL,
  `aufecha` datetime DEFAULT NULL,
  `autipomovimiento` varchar(16) DEFAULT NULL,
  `auidusuario` int(11) DEFAULT NULL
) ENGINE=InnoDB DEFAULT CHARSET=latin1;

-- --------------------------------------------------------

--
-- Estructura de tabla para la tabla `shmedicamentos`
--

CREATE TABLE `shmedicamentos` (
  `idmedicamentos` int(11) NOT NULL,
  `adescripcionmedicamento` varchar(100) NOT NULL,
  `ncosto` decimal(10,2) NOT NULL,
  `aubicaci` varchar(50) NOT NULL,
  `aufecha` datetime DEFAULT NULL,
  `autipomovimiento` varchar(16) DEFAULT NULL,
  `auidusuario` int(11) DEFAULT NULL
) ENGINE=InnoDB DEFAULT CHARSET=latin1;

-- --------------------------------------------------------

--
-- Estructura de tabla para la tabla `shmedicosasignados`
--

CREATE TABLE `shmedicosasignados` (
  `idmedico` int(11) NOT NULL,
  `user_id` int(10) UNSIGNED NOT NULL,
  `aespecialidad` varchar(100) NOT NULL,
  `aufecha` datetime DEFAULT NULL,
  `autipomovimiento` varchar(16) DEFAULT NULL,
  `auidusuario` int(11) DEFAULT NULL
) ENGINE=InnoDB DEFAULT CHARSET=latin1;

-- --------------------------------------------------------

--
-- Estructura de tabla para la tabla `shprocesos`
--

CREATE TABLE `shprocesos` (
  `idshprocesos` int(11) NOT NULL,
  `aproceso` varchar(100) NOT NULL,
  `iddireccionemp` int(11) NOT NULL,
  `idgsareasdireccion` int(11) NOT NULL,
  `afechainicio` date NOT NULL,
  `afechafin` date NOT NULL,
  `amanualproceso` blob NOT NULL,
  `aufecha` datetime DEFAULT NULL,
  `autipomovimiento` varchar(16) DEFAULT NULL,
  `auidusuario` int(11) DEFAULT NULL
) ENGINE=InnoDB DEFAULT CHARSET=latin1;

-- --------------------------------------------------------

--
-- Estructura de tabla para la tabla `shsalidasmed`
--

CREATE TABLE `shsalidasmed` (
  `idsalidasmed` int(11) NOT NULL,
  `afechasalida` date NOT NULL,
  `idmedicamento` int(11) NOT NULL,
  `idconsultorio` int(11) NOT NULL,
  `ncantidad` varchar(10) NOT NULL,
  `aufecha` datetime DEFAULT NULL,
  `autipomovimiento` varchar(16) DEFAULT NULL,
  `auidusuario` int(11) DEFAULT NULL
) ENGINE=InnoDB DEFAULT CHARSET=latin1;

-- --------------------------------------------------------

--
-- Estructura de tabla para la tabla `username_or_email_on_hold`
--

CREATE TABLE `username_or_email_on_hold` (
  `ai` int(10) UNSIGNED NOT NULL,
  `username_or_email` varchar(255) NOT NULL,
  `time` datetime NOT NULL
) ENGINE=MyISAM DEFAULT CHARSET=utf8;

-- --------------------------------------------------------

--
-- Estructura de tabla para la tabla `users`
--

CREATE TABLE `users` (
  `user_id` int(10) UNSIGNED NOT NULL,
  `username` varchar(20) DEFAULT NULL,
  `email` varchar(255) NOT NULL,
  `auth_level` tinyint(3) UNSIGNED NOT NULL,
  `banned` enum('0','1') NOT NULL DEFAULT '0',
  `passwd` varchar(60) NOT NULL,
  `passwd_recovery_code` varchar(60) DEFAULT NULL,
  `passwd_recovery_date` datetime DEFAULT NULL,
  `passwd_modified_at` datetime DEFAULT NULL,
  `last_login` datetime DEFAULT NULL,
  `created_at` datetime NOT NULL,
  `modified_at` timestamp NOT NULL DEFAULT CURRENT_TIMESTAMP ON UPDATE CURRENT_TIMESTAMP,
  `anombrepersona` varchar(50) DEFAULT NULL,
  `apaterno` varchar(20) DEFAULT NULL,
  `amaterno` varchar(20) DEFAULT NULL,
  `adireccion` varchar(20) DEFAULT NULL,
  `atelefono` varchar(20) DEFAULT NULL,
  `acurp` varchar(50) DEFAULT NULL,
  `arfc` varchar(20) DEFAULT NULL,
  `afechanacimiento` datetime DEFAULT NULL,
  `nciudad` int(11) DEFAULT NULL,
  `aestado` int(11) DEFAULT NULL,
  `cvvtae` blob,
  `contrato` blob,
  `idgspuestos` int(11) DEFAULT NULL,
  `acandidato` tinyint(4) DEFAULT NULL,
  `aempleado` tinyint(4) DEFAULT NULL,
  `adresultpsico` blob,
  `aufecha` datetime DEFAULT NULL,
  `autipomovimiento` varchar(16) DEFAULT NULL,
  `auidusuario` int(11) DEFAULT NULL
) ENGINE=InnoDB DEFAULT CHARSET=utf8;

--
-- Volcado de datos para la tabla `users`
--

INSERT INTO `users` (`user_id`, `username`, `email`, `auth_level`, `banned`, `passwd`, `passwd_recovery_code`, `passwd_recovery_date`, `passwd_modified_at`, `last_login`, `created_at`, `modified_at`, `anombrepersona`, `apaterno`, `amaterno`, `adireccion`, `atelefono`, `acurp`, `arfc`, `afechanacimiento`, `nciudad`, `aestado`, `cvvtae`, `contrato`, `idgspuestos`, `acandidato`, `aempleado`, `adresultpsico`, `aufecha`, `autipomovimiento`, `auidusuario`) VALUES
(1637400287, 'admin', 'admin@masy.hr.com', 9, '0', '$2y$11$rAtGz48T6o2zc1/0iSESYOAp4KjRtsGAqeXaxiq/Xq1dS0/krcOf6', NULL, NULL, NULL, '2019-05-03 04:12:52', '2019-03-13 05:14:35', '2019-05-03 09:12:52', 'Administrador', NULL, NULL, 'MaSy-HR', '55-5555-5555', NULL, NULL, '2019-01-01 00:00:00', 1, 1, NULL, NULL, 1, NULL, NULL, NULL, '2019-05-01 00:00:00', '1', 1637400287),
(3424354762, 'MOBF880122JTA', 'Facundo.Moreno.Bonilla@masy.hr.com', 6, '0', '$2y$11$sp5E4rxWZV/7gkPLu2A7HuYKpIvBzFJ3q5pk.eXptGsyznuDNbgkq', NULL, NULL, NULL, NULL, '2019-05-03 03:58:22', '2019-05-03 09:08:35', 'Facundo', 'Moreno', 'Bonilla', 'Bugambilias', '55-5555-5555', 'MOBF880122HMCRNC03', 'MOBF880122JTA', '2019-05-01 00:00:00', 1, 1, NULL, NULL, 10, NULL, NULL, NULL, '2019-05-03 04:08:00', '1', 1637400287);

--
-- Disparadores `users`
--
DELIMITER $$
CREATE TRIGGER `ca_passwd_trigger` BEFORE UPDATE ON `users` FOR EACH ROW begin
    if ((new.passwd <=> old.passwd) = 0) then
        set new.passwd_modified_at = now();
    end if;
end
$$
DELIMITER ;

--
-- Índices para tablas volcadas
--

--
-- Indices de la tabla `acl`
--
ALTER TABLE `acl`
  ADD PRIMARY KEY (`ai`),
  ADD KEY `action_id` (`action_id`),
  ADD KEY `user_id` (`user_id`);

--
-- Indices de la tabla `acl_actions`
--
ALTER TABLE `acl_actions`
  ADD PRIMARY KEY (`action_id`),
  ADD KEY `category_id` (`category_id`);

--
-- Indices de la tabla `acl_categories`
--
ALTER TABLE `acl_categories`
  ADD PRIMARY KEY (`category_id`),
  ADD UNIQUE KEY `category_code` (`category_code`),
  ADD UNIQUE KEY `category_desc` (`category_desc`);

--
-- Indices de la tabla `auth_sessions`
--
ALTER TABLE `auth_sessions`
  ADD PRIMARY KEY (`id`);

--
-- Indices de la tabla `ci_sessions`
--
ALTER TABLE `ci_sessions`
  ADD PRIMARY KEY (`id`),
  ADD KEY `ci_sessions_timestamp` (`timestamp`);

--
-- Indices de la tabla `denied_access`
--
ALTER TABLE `denied_access`
  ADD PRIMARY KEY (`ai`);

--
-- Indices de la tabla `gsareasdireccion`
--
ALTER TABLE `gsareasdireccion`
  ADD PRIMARY KEY (`idgsareasdireccion`),
  ADD KEY `fk_gsareasdireccion_gsdireccionessub` (`idgsdireccion`);

--
-- Indices de la tabla `gsdirdireccionesgen`
--
ALTER TABLE `gsdirdireccionesgen`
  ADD PRIMARY KEY (`idgsdirdireccion`);

--
-- Indices de la tabla `gsdireccionessub`
--
ALTER TABLE `gsdireccionessub`
  ADD PRIMARY KEY (`idgsdireccion`),
  ADD KEY `fk_gsdireccionessub_gsdirdireccionesgen` (`idgsdirdireccion`);

--
-- Indices de la tabla `gsgerencias`
--
ALTER TABLE `gsgerencias`
  ADD PRIMARY KEY (`idgsgerencias`),
  ADD KEY `fk_gsgerencias_gspersonas` (`user_id`);

--
-- Indices de la tabla `gsperfilespuestos`
--
ALTER TABLE `gsperfilespuestos`
  ADD PRIMARY KEY (`idperfildepuesto`),
  ADD KEY `fk_gsperfilespuestos_gspuestos` (`idgspuestos`);

--
-- Indices de la tabla `gsperfilessistema`
--
ALTER TABLE `gsperfilessistema`
  ADD PRIMARY KEY (`idgesperfiles`);

--
-- Indices de la tabla `gspuestos`
--
ALTER TABLE `gspuestos`
  ADD PRIMARY KEY (`idgspuestos`),
  ADD KEY `fk_gspuestos_gsdireccionessub` (`idgsdireccion`);

--
-- Indices de la tabla `incursosxempl`
--
ALTER TABLE `incursosxempl`
  ADD PRIMARY KEY (`idmicursosxempl`),
  ADD KEY `fk_incursosxempl_gspersonas` (`user_id`),
  ADD KEY `fk_incursosxempl_micalendariocursos` (`idmicalendariocursos`);

--
-- Indices de la tabla `ips_on_hold`
--
ALTER TABLE `ips_on_hold`
  ADD PRIMARY KEY (`ai`);

--
-- Indices de la tabla `login_errors`
--
ALTER TABLE `login_errors`
  ADD PRIMARY KEY (`ai`);

--
-- Indices de la tabla `micalendariocursos`
--
ALTER TABLE `micalendariocursos`
  ADD PRIMARY KEY (`idmicalendarcurso`),
  ADD KEY `fk_micalendariocursos_micapacitadores` (`idcapacitadores`),
  ADD KEY `fk_micalendariocursos_mincursos` (`idcursoind`);

--
-- Indices de la tabla `micapacitadores`
--
ALTER TABLE `micapacitadores`
  ADD PRIMARY KEY (`idcapacitadores`),
  ADD KEY `fk_micapacitadores_gspersonas` (`user_id`);

--
-- Indices de la tabla `mincursos`
--
ALTER TABLE `mincursos`
  ADD PRIMARY KEY (`idcursoind`),
  ADD KEY `fk_mincursos_gsdireccionessub` (`idgsdireccion`);

--
-- Indices de la tabla `shcitasmedicas`
--
ALTER TABLE `shcitasmedicas`
  ADD PRIMARY KEY (`idcitasmedicas`),
  ADD KEY `fk_shcitasmedicas_gspersonas` (`user_id`),
  ADD KEY `fk_shcitasmedicas_shconsultorios` (`idconsultorio`);

--
-- Indices de la tabla `shconsultorios`
--
ALTER TABLE `shconsultorios`
  ADD PRIMARY KEY (`idshconsultorios`),
  ADD KEY `fk_shconsultorios_shmedicosasignados` (`idmedico`);

--
-- Indices de la tabla `shentradasmed`
--
ALTER TABLE `shentradasmed`
  ADD PRIMARY KEY (`identrada`),
  ADD KEY `fk_shentradasmed_shmedicamentos` (`idmedicamento`);

--
-- Indices de la tabla `shmedicamentos`
--
ALTER TABLE `shmedicamentos`
  ADD PRIMARY KEY (`idmedicamentos`);

--
-- Indices de la tabla `shmedicosasignados`
--
ALTER TABLE `shmedicosasignados`
  ADD PRIMARY KEY (`idmedico`),
  ADD KEY `fk_shmedicosasignados_gspersonas` (`user_id`);

--
-- Indices de la tabla `shprocesos`
--
ALTER TABLE `shprocesos`
  ADD PRIMARY KEY (`idshprocesos`);

--
-- Indices de la tabla `shsalidasmed`
--
ALTER TABLE `shsalidasmed`
  ADD PRIMARY KEY (`idsalidasmed`),
  ADD KEY `fk_shsalidasmed_shconsultorios` (`idconsultorio`),
  ADD KEY `fk_shsalidasmed_shmedicamentos` (`idmedicamento`);

--
-- Indices de la tabla `username_or_email_on_hold`
--
ALTER TABLE `username_or_email_on_hold`
  ADD PRIMARY KEY (`ai`);

--
-- Indices de la tabla `users`
--
ALTER TABLE `users`
  ADD PRIMARY KEY (`user_id`),
  ADD UNIQUE KEY `email` (`email`),
  ADD UNIQUE KEY `username` (`username`),
  ADD KEY `fk_gspersonas_gspuestos` (`idgspuestos`);

--
-- AUTO_INCREMENT de las tablas volcadas
--

--
-- AUTO_INCREMENT de la tabla `acl`
--
ALTER TABLE `acl`
  MODIFY `ai` int(10) UNSIGNED NOT NULL AUTO_INCREMENT;
--
-- AUTO_INCREMENT de la tabla `acl_actions`
--
ALTER TABLE `acl_actions`
  MODIFY `action_id` int(10) UNSIGNED NOT NULL AUTO_INCREMENT;
--
-- AUTO_INCREMENT de la tabla `acl_categories`
--
ALTER TABLE `acl_categories`
  MODIFY `category_id` int(10) UNSIGNED NOT NULL AUTO_INCREMENT;
--
-- AUTO_INCREMENT de la tabla `denied_access`
--
ALTER TABLE `denied_access`
  MODIFY `ai` int(10) UNSIGNED NOT NULL AUTO_INCREMENT;
--
-- AUTO_INCREMENT de la tabla `gsareasdireccion`
--
ALTER TABLE `gsareasdireccion`
  MODIFY `idgsareasdireccion` int(11) NOT NULL AUTO_INCREMENT;
--
-- AUTO_INCREMENT de la tabla `gsdirdireccionesgen`
--
ALTER TABLE `gsdirdireccionesgen`
  MODIFY `idgsdirdireccion` int(11) NOT NULL AUTO_INCREMENT, AUTO_INCREMENT=11;
--
-- AUTO_INCREMENT de la tabla `gsdireccionessub`
--
ALTER TABLE `gsdireccionessub`
  MODIFY `idgsdireccion` int(11) NOT NULL AUTO_INCREMENT, AUTO_INCREMENT=21;
--
-- AUTO_INCREMENT de la tabla `gsgerencias`
--
ALTER TABLE `gsgerencias`
  MODIFY `idgsgerencias` int(11) NOT NULL AUTO_INCREMENT;
--
-- AUTO_INCREMENT de la tabla `gsperfilespuestos`
--
ALTER TABLE `gsperfilespuestos`
  MODIFY `idperfildepuesto` int(11) NOT NULL AUTO_INCREMENT, AUTO_INCREMENT=2;
--
-- AUTO_INCREMENT de la tabla `gsperfilessistema`
--
ALTER TABLE `gsperfilessistema`
  MODIFY `idgesperfiles` int(11) NOT NULL AUTO_INCREMENT;
--
-- AUTO_INCREMENT de la tabla `gspuestos`
--
ALTER TABLE `gspuestos`
  MODIFY `idgspuestos` int(11) NOT NULL AUTO_INCREMENT, AUTO_INCREMENT=11;
--
-- AUTO_INCREMENT de la tabla `incursosxempl`
--
ALTER TABLE `incursosxempl`
  MODIFY `idmicursosxempl` int(11) NOT NULL AUTO_INCREMENT, AUTO_INCREMENT=2;
--
-- AUTO_INCREMENT de la tabla `ips_on_hold`
--
ALTER TABLE `ips_on_hold`
  MODIFY `ai` int(10) UNSIGNED NOT NULL AUTO_INCREMENT;
--
-- AUTO_INCREMENT de la tabla `login_errors`
--
ALTER TABLE `login_errors`
  MODIFY `ai` int(10) UNSIGNED NOT NULL AUTO_INCREMENT, AUTO_INCREMENT=2;
--
-- AUTO_INCREMENT de la tabla `micalendariocursos`
--
ALTER TABLE `micalendariocursos`
  MODIFY `idmicalendarcurso` int(11) NOT NULL AUTO_INCREMENT, AUTO_INCREMENT=2;
--
-- AUTO_INCREMENT de la tabla `micapacitadores`
--
ALTER TABLE `micapacitadores`
  MODIFY `idcapacitadores` int(11) NOT NULL AUTO_INCREMENT, AUTO_INCREMENT=3;
--
-- AUTO_INCREMENT de la tabla `mincursos`
--
ALTER TABLE `mincursos`
  MODIFY `idcursoind` int(11) NOT NULL AUTO_INCREMENT, AUTO_INCREMENT=3;
--
-- AUTO_INCREMENT de la tabla `shcitasmedicas`
--
ALTER TABLE `shcitasmedicas`
  MODIFY `idcitasmedicas` int(11) NOT NULL AUTO_INCREMENT;
--
-- AUTO_INCREMENT de la tabla `shconsultorios`
--
ALTER TABLE `shconsultorios`
  MODIFY `idshconsultorios` int(11) NOT NULL AUTO_INCREMENT;
--
-- AUTO_INCREMENT de la tabla `shentradasmed`
--
ALTER TABLE `shentradasmed`
  MODIFY `identrada` int(11) NOT NULL AUTO_INCREMENT;
--
-- AUTO_INCREMENT de la tabla `shmedicamentos`
--
ALTER TABLE `shmedicamentos`
  MODIFY `idmedicamentos` int(11) NOT NULL AUTO_INCREMENT;
--
-- AUTO_INCREMENT de la tabla `shmedicosasignados`
--
ALTER TABLE `shmedicosasignados`
  MODIFY `idmedico` int(11) NOT NULL AUTO_INCREMENT;
--
-- AUTO_INCREMENT de la tabla `shprocesos`
--
ALTER TABLE `shprocesos`
  MODIFY `idshprocesos` int(11) NOT NULL AUTO_INCREMENT;
--
-- AUTO_INCREMENT de la tabla `shsalidasmed`
--
ALTER TABLE `shsalidasmed`
  MODIFY `idsalidasmed` int(11) NOT NULL AUTO_INCREMENT;
--
-- AUTO_INCREMENT de la tabla `username_or_email_on_hold`
--
ALTER TABLE `username_or_email_on_hold`
  MODIFY `ai` int(10) UNSIGNED NOT NULL AUTO_INCREMENT;
--
-- Restricciones para tablas volcadas
--

--
-- Filtros para la tabla `acl`
--
ALTER TABLE `acl`
  ADD CONSTRAINT `acl_ibfk_1` FOREIGN KEY (`action_id`) REFERENCES `acl_actions` (`action_id`) ON DELETE CASCADE,
  ADD CONSTRAINT `acl_ibfk_2` FOREIGN KEY (`user_id`) REFERENCES `users` (`user_id`) ON DELETE CASCADE;

--
-- Filtros para la tabla `acl_actions`
--
ALTER TABLE `acl_actions`
  ADD CONSTRAINT `acl_actions_ibfk_1` FOREIGN KEY (`category_id`) REFERENCES `acl_categories` (`category_id`) ON DELETE CASCADE;

--
-- Filtros para la tabla `gsareasdireccion`
--
ALTER TABLE `gsareasdireccion`
  ADD CONSTRAINT `fk_gsareasdireccion_gsdireccionessub` FOREIGN KEY (`idgsdireccion`) REFERENCES `gsdireccionessub` (`idgsdireccion`) ON DELETE NO ACTION ON UPDATE NO ACTION;

--
-- Filtros para la tabla `gsdireccionessub`
--
ALTER TABLE `gsdireccionessub`
  ADD CONSTRAINT `fk_gsdireccionessub_gsdirdireccionesgen` FOREIGN KEY (`idgsdirdireccion`) REFERENCES `gsdirdireccionesgen` (`idgsdirdireccion`) ON DELETE NO ACTION ON UPDATE NO ACTION;

--
-- Filtros para la tabla `gsgerencias`
--
ALTER TABLE `gsgerencias`
  ADD CONSTRAINT `fk_gsgerencias_gspersonas` FOREIGN KEY (`user_id`) REFERENCES `users` (`user_id`) ON DELETE NO ACTION ON UPDATE NO ACTION;

--
-- Filtros para la tabla `gsperfilespuestos`
--
ALTER TABLE `gsperfilespuestos`
  ADD CONSTRAINT `fk_gsperfilespuestos_gspuestos` FOREIGN KEY (`idgspuestos`) REFERENCES `gspuestos` (`idgspuestos`) ON DELETE NO ACTION ON UPDATE NO ACTION;

--
-- Filtros para la tabla `gspuestos`
--
ALTER TABLE `gspuestos`
  ADD CONSTRAINT `fk_gspuestos_gsdireccionessub` FOREIGN KEY (`idgsdireccion`) REFERENCES `gsdireccionessub` (`idgsdireccion`) ON DELETE NO ACTION ON UPDATE NO ACTION;

--
-- Filtros para la tabla `incursosxempl`
--
ALTER TABLE `incursosxempl`
  ADD CONSTRAINT `fk_incursosxempl_gspersonas` FOREIGN KEY (`user_id`) REFERENCES `users` (`user_id`) ON DELETE NO ACTION ON UPDATE NO ACTION,
  ADD CONSTRAINT `fk_incursosxempl_micalendariocursos` FOREIGN KEY (`idmicalendariocursos`) REFERENCES `micalendariocursos` (`idmicalendarcurso`) ON DELETE NO ACTION ON UPDATE NO ACTION;

--
-- Filtros para la tabla `micalendariocursos`
--
ALTER TABLE `micalendariocursos`
  ADD CONSTRAINT `fk_micalendariocursos_micapacitadores` FOREIGN KEY (`idcapacitadores`) REFERENCES `micapacitadores` (`idcapacitadores`) ON DELETE NO ACTION ON UPDATE NO ACTION,
  ADD CONSTRAINT `fk_micalendariocursos_mincursos` FOREIGN KEY (`idcursoind`) REFERENCES `mincursos` (`idcursoind`) ON DELETE NO ACTION ON UPDATE NO ACTION;

--
-- Filtros para la tabla `micapacitadores`
--
ALTER TABLE `micapacitadores`
  ADD CONSTRAINT `fk_micapacitadores_gspersonas` FOREIGN KEY (`user_id`) REFERENCES `users` (`user_id`) ON DELETE NO ACTION ON UPDATE NO ACTION;

--
-- Filtros para la tabla `mincursos`
--
ALTER TABLE `mincursos`
  ADD CONSTRAINT `fk_mincursos_gsdireccionessub` FOREIGN KEY (`idgsdireccion`) REFERENCES `gsdireccionessub` (`idgsdireccion`) ON DELETE NO ACTION ON UPDATE NO ACTION;

--
-- Filtros para la tabla `shcitasmedicas`
--
ALTER TABLE `shcitasmedicas`
  ADD CONSTRAINT `fk_shcitasmedicas_gspersonas` FOREIGN KEY (`user_id`) REFERENCES `users` (`user_id`) ON DELETE NO ACTION ON UPDATE NO ACTION,
  ADD CONSTRAINT `fk_shcitasmedicas_shconsultorios` FOREIGN KEY (`idconsultorio`) REFERENCES `shconsultorios` (`idshconsultorios`) ON DELETE NO ACTION ON UPDATE NO ACTION;

--
-- Filtros para la tabla `shconsultorios`
--
ALTER TABLE `shconsultorios`
  ADD CONSTRAINT `fk_shconsultorios_shmedicosasignados` FOREIGN KEY (`idmedico`) REFERENCES `shmedicosasignados` (`idmedico`) ON DELETE NO ACTION ON UPDATE NO ACTION;

--
-- Filtros para la tabla `shentradasmed`
--
ALTER TABLE `shentradasmed`
  ADD CONSTRAINT `fk_shentradasmed_shmedicamentos` FOREIGN KEY (`idmedicamento`) REFERENCES `shmedicamentos` (`idmedicamentos`) ON DELETE NO ACTION ON UPDATE NO ACTION;

--
-- Filtros para la tabla `shmedicosasignados`
--
ALTER TABLE `shmedicosasignados`
  ADD CONSTRAINT `fk_shmedicosasignados_gspersonas` FOREIGN KEY (`user_id`) REFERENCES `users` (`user_id`) ON DELETE NO ACTION ON UPDATE NO ACTION;

--
-- Filtros para la tabla `shsalidasmed`
--
ALTER TABLE `shsalidasmed`
  ADD CONSTRAINT `fk_shsalidasmed_shconsultorios` FOREIGN KEY (`idconsultorio`) REFERENCES `shconsultorios` (`idshconsultorios`) ON DELETE NO ACTION ON UPDATE NO ACTION,
  ADD CONSTRAINT `fk_shsalidasmed_shmedicamentos` FOREIGN KEY (`idmedicamento`) REFERENCES `shmedicamentos` (`idmedicamentos`) ON DELETE NO ACTION ON UPDATE NO ACTION;

--
-- Filtros para la tabla `users`
--
ALTER TABLE `users`
  ADD CONSTRAINT `fk_gspersonas_gspuestos` FOREIGN KEY (`idgspuestos`) REFERENCES `gspuestos` (`idgspuestos`) ON DELETE NO ACTION ON UPDATE NO ACTION;

/*!40101 SET CHARACTER_SET_CLIENT=@OLD_CHARACTER_SET_CLIENT */;
/*!40101 SET CHARACTER_SET_RESULTS=@OLD_CHARACTER_SET_RESULTS */;
/*!40101 SET COLLATION_CONNECTION=@OLD_COLLATION_CONNECTION */;
